latitude,longitude
49.11907,6.20408
49.95842,2.85479
48.67029,2.27976
48.63212,2.4065
48.83313,2.08501
46.55483,0.28342
48.57066,7.73904
48.67772,7.77558
43.655729,7.161446
43.712,7.2714
43.707,7.2793
44.195,4.1338
43.8356,4.402
43.8356,4.4026
43.956,3.8169
43.951,3.796
43.755,1.3626
43.077,0.6372
43.607,3.9227
46.347,6.4331
43.421,3.5489
43.631954,3.82251
47.93,-1.9418
48.02,-1.8148
48.093,-1.9957
45.875,5.3577
45.05042,5.78997
48.163,2.1271
47.48869,-0.50981
47.16631,-0.65357
49.418,1.9433
49.367,2.2466
49.336,2.0967
49.223,2.6117
49.58704,2.1366
49.50412,1.99173
49.591,3.1108
48.792,2.1795
48.766,1.9059
43.513,2.066
44.046,1.9998
43.156,5.7408
48.66542,2.33981
48.313,-3.1479
46.939,6.2086
47.503,6.7248
47.459,6.8415
47.132,6.5583
47.465,6.7025
47.331,6.3656
48.885,0.9305
49.037,1.0958
48.529,1.3172
48.26,0.9159
48.451,1.2934
48.149,1.7091
48.068,1.2355
48.13697,1.61709
46.77,1.6628
46.803656,1.694493
47.483,0.7681
47.481,0.7652
47.397,0.906
46.802,5.5765
46.816,6.0539
43.554,-1.2951
43.80084,-0.29199
47.46997,1.11729
47.418,1.2775
47.755658,-3.239926
47.8395,-3.34053
48.022,-2.8202
47.664,-2.7858
47.62196,-2.8972
48.7867,7.55887
45.58267,6.73921
46.347,6.4332
45.98988,6.63149
49.083,2.5299
48.756,0.0691
48.632,0.4816
43.976,1.4679
43.680891,7.128745
43.692385,7.243083
44.07932,2.99639
44.813,0.507
44.829,-0.465
44.845,-0.7254
44.878,-0.1659
45.132,-1.0453
44.596,-1.103
45.023,-0.1535
47.259,-2.2933
47.638,-1.9849
47.224,-1.4987
47.198,-1.2469
44.43093,0.978019
44.462,0.6923
44.07858,0.36688
47.965,-0.582
47.842,-0.6512
48.0501,-0.86753
48.3075,-0.6205
48.65425,6.92866
49.401,6.2821
48.6404,6.9047
45.684,4.9507
45.701,4.8224
45.767,4.8238
46.593,-0.2155
46.837,-0.6833
46.317,-0.4312
46.963,-0.2097
46.191,-0.0563
43.76781,2.0429
43.748,1.7308
43.636,2.2242
43.816,1.2489
44.102,1.463
44.133,1.1878
44.033,1.1635
44.092,1.0115
46.859,-1.8101
46.812,-1.8799
46.761,-1.9375
46.592041,-1.758629
46.947,-2.0249
48.164,6.4545
47.512,3.8401
48.171,3.2612
48.89088,2.20696
48.89787,2.2633
48.8089,2.19792
48.416,1.5321
48.805,2.1339
48.805,2.1339
48.78,2.1314
49.408,4.3686
49.27277,6.17428
49.874,4.3912
47.9818,4.8942
48.454,4.9626
50.777,3.101
43.48705,-1.53663
43.44979,-1.56904
49.898,2.9226
43.11,5.8124
43.10086,5.823865
43.49302,6.48663
48.59435,2.31103
48.731,3.6112
48.731,3.6124
48.844561,2.81354
48.875971,2.288479
43.6003649,3.9190434
47.467,6.0976
47.662,6.3759
47.624,6.2074
47.854,3.6523
44.959,-0.7102
48.8465,1.53482
48.43,-2.5088
45.784,3.1353
45.784,3.1353
49.525,3.754
49.036,3.2523
49.892,3.9117
46.181,6.2291
48.877,2.1067
49.399,6.2804
49.2385,6.06709
49.1422,0.41131
48.837,2.3352
48.840788,2.390433
48.8470894,2.3606053
14.60795,-61.04224
14.60745,-61.04235
49.054,1.9596
42.749,0.1912
42.74837,0.19117
44.341,4.793
49.93826,3.24409
49.618,3.4578
46.06,-0.9395
48.298,2.9475
43.252,6.0651
43.71891,3.79439
43.277,3.2855
43.586,3.9189
46.264828,6.31718
45.901,6.8611
45.85587,6.91082
45.863,6.9024
45.889,6.8748
47.203266,-1.622631
47.180606,-1.60916
49.12731,6.1618
48.91581,4.42415
47.9247787,-1.717421
48.90546,2.0739
48.816346,2.359291
43.57649,-0.65743
47.48393,-0.54887
46.81268,6.36369
46.8127,6.3637
45.67995,4.84948
48.88743,2.2516
48.70775,2.19009
48.8869,2.24157
46.299,-0.0571
45.361,4.2526
45.767,1.2911
46.364,3.0229
46.517,3.4723
46.456,3.9043
46.48,3.8307
46.36857,4.55662
46.413,4.4365
48.726,3.8492
43.16,-0.471
43.16,-0.4795
43.357,-1.7352
46.619,0.3449
46.618,0.356
48.054,6.587
49.377,6.0908
45.41358,0.85801
45.415,0.8791
48.716,0.8628
48.967,0.9336
49.085,0.5739
48.416,1.4759
47.372,0.6533
47.56,0.6094
47.321,0.7027
47.372,0.6534
47.593,0.7401
48.108,1.891
47.94,2.356
47.93,2.3378
47.934,1.9303
48.977,2.4732
48.997,2.4822
48.173,3.3941
47.964,3.813
47.792,3.6229
47.921,4.0192
48.176,3.1904
45.796,4.9344
48.344,4.2055
48.332771,4.093514
43.736,4.4634
43.937,4.604
43.584,1.4965
43.634,1.421
43.686,-0.1748
45.243,5.8603
47.797,1.0737
47.3446,-0.06767
48.643,5.066
50.551,3.0602
50.64,2.937
50.85,1.7236
50.7029,1.62584
48.339,7.5412
45.777,4.9715
46.734,4.8358
46.733,4.8355
48.903,2.0053
48.778,2.2135
48.506,1.8357
48.798,1.7733
43.841,2.1858
43.999,1.3646
48.142,4.6167
43.53074,4.95997
43.656,4.6519
43.404368,5.341811
45.268,3.2021
45.175,3.1705
45.372,1.5736
45.527,2.339
47.50559,6.82946
47.50559,6.82946
48.18,1.3748
48.751,1.4536
48.454,1.4482
46.605,1.5017
47.117,0.5987
47.415,0.7295
48.822,2.37965
47.165,-1.5229
47.767,1.569
44.266,0.2796
48.734,-1.2957
48.277,5.1119
48.783,0.318
48.589,7.7303
45.585,5.9082
45.567,5.9427
46.075,5.9057
46.001,6.0052
48.692,3.1871
49.99,3.0073
49.658,2.7086
49.951,1.942
50.121,1.7958
49.957,2.8766
43.947,5.0278
44.025,4.8731
43.971,5.019
45.849,1.2761
48.163,5.707
48.609,2.3333
48.609,2.3332
49.035,2.4873
49.06,2.3584
47.165,-1.5225
47.165,-1.5225
45.851,0.5038
45.617,0.1009
45.678,0.1485
43.633,-0.6183
46.215,1.7227
46.19299,1.9536
46.761,-1.4307
50.523,3.0409
43.732,7.2953
43.797,7.4834
47.2836,2.19036
47.294,2.2123
44.744,-0.7043
44.593,-0.843
44.977,-0.432
49.222,2.6418
49.0878619,2.7327044
45.81559,4.917147
45.731,4.9788
45.914,4.3522
46.701,4.3962
46.376,4.862
46.191,-0.0572
43.807,1.3215
43.894,1.3054
43.956,1.4404
48.625,2.3604
47.633,6.1594
47.251,-1.4765
45.031,-0.4199
48.647,4.8641
45.85,5.2976
49.364,3.3451
49.364,3.3449
49.727,4.4277
49.753,5.0284
46.199,-1.0354
46.126,-1.106
45.3,-0.2388
48.82352,2.31005
49.431253,2.810755
49.316967,2.442069
48.146,7.3689
47.887,6.91
46.894,4.8527
43.909,1.7595
43.916,2.2793
43.621,2.3086
44.292,1.8687
44.218,1.5165
42.739,2.8873
46.824,0.5191
43.17,2.7785
43.47254,2.85574
43.629,3.6938
48.14634,7.36874
50.583,3.0907
50.589,3.0965
48.867,6.0934
48.921,6.1098
48.536,2.2093
48.703,5.4252
48.693,5.3376
44.783,-0.6321
47.363,0.7134
47.396,0.707
49.382,4.5778
48.485,3.4819
48.496,4.1362
44.39,2.695
46.065,0.6756
45.989,0.2005
48.517,-2.745
48.51,-2.7402
47.934,1.9304
47.816,5.4976
50.36674,2.31171
45.765,4.9072
45.76502,4.90727
48.341,6.3143
48.1735,3.3715
48.022,3.3137
48.746,0.9892
48.742,0.9608
43.592,1.3988
43.581,0.5401
43.782,-0.0235
47.796,1.0742
49.556,-1.564
48.691,-1.3606
48.767,4.5832
50.604,2.9455
45.557,5.7306
45.571,5.9364
49.4729,0.94695
43.369,6.5964
43.382116,6.589798
48.62899,2.35524
43.542,4.9559
43.711,-1.2282
44.139,-0.9731
44.4124,-0.81969
43.354,-0.5332
48.95,2.4492
43.943,-1.083
43.389,3.4582
43.475,3.6513
49.541,2.7273
49.541,2.7273
48.967674,2.510128
45.957,5.3272
46.197,1.78434
44.871,-0.6426
49.4168,1.04682
43.827,3.3157
43.608,1.4101
45.695,4.8309
45.671884,4.772833
45.195,6.6222
49.47274,1.02779
45.67,0.0328
46.46028,0.26737
45.235,1.5126
45.971,2.1899
43.663,0.6237
45.17387,5.38752
43.67753,-1.25692
43.85228,-1.11816
46.8815,0.1417
43.13936,0.31168
43.6077,1.31941
46.1489,6.15028
43.97436,4.86708
43.1907,3.06719
43.1919,2.4151
43.192543,2.3697
43.6353,1.42083
51.01468,2.38797
50.998,2.28695
49.36362,3.48006
49.42835,1.05613
49.78055,1.7445
49.7861,1.4865
49.01541,2.1454
49.05936,2.28263
43.590861,1.399065
43.710541,7.201861
49.74339,2.67662
43.64658,1.46013
45.9092,-0.9653
47.0883,4.7556
48.59375,-1.41286
47.114235,2.611574
50.44641,2.83944
43.58519,1.49663
50.68421,3.13346
47.3168,5.07991
49.091,5.2326
47.645962,5.180054
48.9207,-1.08303
50.4347,2.8484
47.302985,4.50281
47.302835,4.503231
48.66478,-1.3671
48.59631,-1.40713
48.425255,-0.299788
50.424217,3.01685
49.45061,-1.34994
47.038745,3.139964
46.935,4.6691
45.5784,5.82376
45.85361,3.11472
46.285,2.40286
43.59722,4.76084
48.50718,1.463404
48.50736,1.46338
47.29333,-1.74453
50.29578,3.85388
48.76852,2.61274
49.052103,6.170171
42.80218,3.030407
48.700083,6.971603
48.043,-1.94317
49.08636,1.1882
49.57449,2.2023
48.0532,-1.91588
43.5468,6.80423
48.057448,-1.680085
45.71594,3.15225
42.76709,2.89969
47.67987,-1.46141
45.49753,3.2555
43.50612,5.50822
42.5381,3.0272
47.73548,5.19463
45.49594,6.0632
49.3546,1.0827
49.0704,2.24711
48.192497,0.830108
43.533881,6.871259
48.1701,4.3245
48.15867,6.48605
47.075636,2.274846
48.730205,3.906032
46.35551,2.80366
45.73042,-0.62311
47.74799,1.53901
47.89004,1.85813
47.054358,-0.920699
48.66979,5.91715
48.57917,2.63788
49.984758,1.683684
48.7037,2.44358
48.26519,1.85257
47.1883,2.16616
46.466315,4.880352
44.70121,3.28069
50.4485,2.58465
49.25938,-0.38312
44.0559,0.88012
45.11091,3.13624
48.78852,1.626852
45.1108,3.13646
47.9689,-3.98777
48.4548,-4.37707
50.38616,1.87375
50.86398,1.7402
44.35389,1.46445
47.0998,-1.47264
43.507556,4.860163
50.319937,3.60362
45.8752,3.64095
46.38436,-0.36723
45.37292,4.80638
48.3351,6.8941
48.99326,1.193836
45.370988,5.491938
47.994335,1.854396
48.26556,1.85308
43.512,5.45668
48.192203,0.830547
47.275026,-1.540395
48.176342,5.730125
42.68988,2.82703
48.101803,-1.432711
48.3295,4.1133
48.3647,4.16042
45.469651,5.4011
42.6081,2.98456
48.27307,3.89477
48.011707,-1.59979
42.70675,2.98598
49.85744,2.41556
48.7129,2.308
46.465533,4.879322
47.773558,7.362957
47.958419,7.308257
46.085752,6.088236
48.434486,-2.817417
48.790311,2.070456
43.740074,-1.035058
43.721155,-1.12237
46.049706,6.080695
47.773536,7.362936
47.95778,7.30806
48.610522,-3.276339
48.853662,1.179271
48.86851,1.17674
43.13768,6.04168
47.086,5.4204
46.0038,4.73286
48.038988,-4.076303
48.518535,-4.045053
43.45083,-1.492198
45.616445,5.896973
46.972338,-0.807677
48.341,6.3139
47.905,-1.6849
47.116119,-0.826199
49.305,2.4529
48.548,-3.4115
48.416,-2.308
48.51575,-2.03866
49.138,1.182
43.857986,-0.722169
43.85137,-0.738436
47.671,-2.9395
48.509,0.3452
44.883648,-0.333458
47.156,-1.3227
48.832194,2.154142
49.534,4.4246
48.656155,4.17437
45.266063,4.150615
48.423793,2.140934
48.485161,2.194555
46.827144,-0.423377
50.328517,2.875154
44.417805,3.183342
45.45964,4.486546
48.8543,2.25437
46.62896,0.35564
43.5135,-1.46733
49.17486,-0.31164
48.7741,2.40784
49.1069,6.14738
48.89645,2.30974
50.41841,2.41399
43.38001,5.35354
46.31121,4.83825
48.00498,0.37071
48.89004,2.39613
48.8167,2.44854
50.53378,2.60465
44.6635,-0.3842
45.67848,0.14837
45.61721,0.1006
47.80291,0.31546
46.18153,-1.13972
46.11793,-1.1071
45.77271,4.83601
45.76357,4.80266
45.4932,6.51932
44.63378,4.77037
45.2242,4.81691
46.78971,4.84233
48.18697,-1.96266
48.10572,-1.50378
49.92349,2.32861
48.45588,2.60473
48.45603,2.60488
44.88349,-0.55534
43.73442,7.25137
44.1232,4.79898
48.92981,2.36345
48.88333,2.26472
43.66582,7.20722
48.49267,7.55745
41.93201,8.75645
47.13053,-1.73999
47.19506,-1.85438
43.61005,1.41945
45.91482,6.08237
46.05159,6.08709
43.4229,5.37299
43.3278,5.37814
43.35563,5.3471
43.34427,5.34679
43.30666,3.44236
43.494064,3.776145
43.42333,3.74408
48.01813,2.11227
48.15247,2.76366
48.08149,-1.69679
48.04582,-1.63036
49.45188,1.14532
43.94884,4.84067
43.94887,4.84069
47.78869,-3.25268
48.08683,-3.55049
49.22406,2.54604
49.22665,2.54273
48.60649,6.33212
48.77026,1.98503
48.3913,-4.40205
46.92863,-1.26183
46.61224,-1.0395
45.26191,5.52653
45.65505,5.11342
45.48273,4.8323
41.98769,8.77188
49.04783,2.33193
48.5429,1.54604
48.93387,2.56774
46.21175,5.29042
48.75138,1.45159
47.67198,6.92381
44.50116,3.46284
47.77277,7.22639
44.73788,4.64336
44.89669,2.40773
49.49519,1.6849
45.88424,5.16879
49.24496,3.03571
46.26858,3.48903
46.23546,3.28459
46.17012,3.45748
46.45832,3.36763
45.05807,4.84064
43.08329,2.94368
44.52474,2.3331
45.81743,0.06857
45.80214,-0.13577
47.33708,4.95722
47.25353,5.08055
47.33701,5.03369
45.15661,0.77934
45.22916,0.67979
44.39963,4.7043
44.70534,4.80003
43.94883,4.67539
43.94882,4.77246
44.48154,1.40138
44.23888,0.49729
44.50246,0.16753
49.94754,3.23867
46.88885,5.72928
44.04511,2.97343
46.98935,3.25853
48.95811,2.84479
48.97724,2.23349
46.57785,5.44001
44.35989,4.18885
48.71967,3.53421
48.67391,2.34275
49.16668,6.87561
49.11965,6.21497
49.4454,1.2005
44.47583,6.03457
47.53431,1.41633
45.6354,-0.97539
49.23461,4.03943
46.31879,-0.99235
48.83791,2.22399
48.8268,2.15161
44.99301,4.99052
45.57308,-0.76019
48.11581,-1.36965
47.8408,-1.72092
47.64114,6.85237
43.98956,4.9038
43.86528,4.99709
48.83241,2.28062
48.88572,2.28803
46.78682,1.68372
48.86087,2.41399
43.78758,3.87394
43.68044,3.82139
49.15467,0.72225
46.92244,1.29655
47.75802,7.35231
48.76259,2.41895
48.76239,2.41901
43.17309,0.97521
43.17349,0.97559
49.13881,6.81451
49.2977,1.12069
45.56784,5.35584
45.35878,5.9977
43.42323,0.04954
47.76133,-1.93972
43.21835,5.81183
47.33407,1.20635
46.42902,4.40949
46.2394,4.04019
47.62763,6.17827
49.22405,0.9473
49.14012,0.65222
48.719,-1.40957
45.00722,3.87917
49.9185,1.10488
45.29287,4.14182
48.57881,-3.73758
48.5787,-3.73713
16.25425,-61.56124
48.38294,-2.37652
48.24163,-3.3369
48.2452,-3.34723
50.9345,1.88208
50.50315,1.76615
50.803,2.10876
45.5569,4.28565
47.11753,3.22756
47.90534,1.89729
47.93455,1.7618
45.12362,1.55456
45.22226,1.42767
48.85013,2.55588
48.48442,5.11311
48.37656,5.1565
48.54187,-0.49413
14.80932,-61.02076
14.58958,-60.98281
14.52809,-60.98237
14.66466,-60.96781
14.61142,-61.06535
14.61154,-61.06998
43.46441,-0.70353
44.55284,4.89382
45.04349,-0.46663
43.49391,-1.52397
43.60445,7.06149
43.17541,-0.54974
48.86819,2.22461
48.55733,-3.17928
46.55238,6.0142
46.26278,-0.46651
45.41662,5.33245
-20.88223,55.46355
-20.88632,55.48368
43.25688,0.07205
47.96298,3.72857
43.53641,5.19178
49.16313,0.70935
49.20909,0.7688
43.68571,7.1977
44.04822,6.13947
48.69258,3.39995
44.12468,1.15088
44.03106,1.23141
43.93981,1.21917
46.72308,0.42488
46.63122,0.24254
47.89996,6.72747
47.87434,6.83843
49.10263,-1.48766
49.64416,-1.47515
48.2968,-0.91783
48.06907,-0.75272
48.07663,-0.97332
47.96125,-0.70397
48.46027,-0.19704
48.63827,7.72804
48.86317,7.70085
48.1714,7.10899
48.06842,7.32789
47.8357,7.34161
46.70356,4.41479
46.73646,4.91729
46.78485,4.89023
43.99942,2.16705
43.56791,2.03059
49.25473,4.0023
49.22972,4.03263
48.94732,4.36034
49.1389,4.2282
42.78215,2.98764
42.59905,2.85651
42.6542,2.92633
48.11431,0.34573
48.02078,-0.09618
47.99672,0.17226
43.88555,5.86389
44.07632,6.01988
43.85757,5.83217
44.11609,5.99328
44.19723,5.94926
47.10975,2.414
47.65842,6.36386
45.81964,-1.08287
45.91993,-0.5256
48.60302,5.03098
48.27245,5.11446
48.13863,5.05021
47.95924,5.27387
47.7759,5.65375
45.73826,4.09434
45.29275,4.62052
45.62226,4.34593
43.25053,6.54954
43.125,6.17853
43.13211,5.86711
43.33468,6.08662
46.0076,5.17567
46.17674,5.921
45.92786,5.10135
43.72219,4.65024
43.67548,5.09261
45.74995,5.92639
43.96876,1.35777
47.70159,-2.08541
48.64734,-1.90234
48.34308,-1.22138
48.08399,-1.9094
48.02274,-1.19566
47.07487,5.45915
46.74826,5.92218
47.16203,5.75994
47.25373,-1.52083
47.39628,-1.06771
49.31016,3.65053
49.07762,3.96495
49.14952,4.09565
47.05418,3.73151
47.20961,3.08513
46.97613,3.13948
47.22213,5.96159
47.3346,3.34662
43.4238,-0.4713
43.36192,-1.71314
43.16689,-0.44131
43.36958,-1.63717
43.50668,-0.86515
47.49813,6.80645
42.69421,2.88989
42.54806,2.9311
48.26081,7.17282
45.40118,6.27494
45.46132,5.81146
44.93748,2.32582
48.47853,2.51532
48.47857,2.51529
48.9587,2.977
48.54866,2.75578
48.77978,3.05262
48.61834,2.55414
48.61832,2.55419
43.94325,2.16475
43.94343,2.16487
43.50427,2.01156
43.64046,2.19168
43.4532,2.02843
44.13579,1.50635
44.04369,1.44148
43.95458,1.20599
43.91218,1.38433
48.10527,5.14233
44.13588,1.50614
46.47485,-1.07412
46.65887,-1.81691
46.4282,-0.83563
46.7049,-1.4162
46.92318,-1.88663
48.71328,2.27738
48.10783,5.07789
48.71977,2.49999
48.64809,2.41819
49.98705,2.11386
44.26022,5.86394
43.96057,6.47917
49.17172,1.28544
49.22647,0.75447
49.09575,0.63922
49.10434,0.92967
49.97147,2.54485
47.89769,2.27993
47.97485,2.73883
48.04414,1.87414
47.64137,2.5809
49.75086,2.81715
47.86445,1.9356
43.58975,1.12689
43.76735,0.46961
48.70589,4.65974
48.72874,3.57369
46.42979,3.35836
46.08308,3.46105
50.1519,1.81982
46.24857,3.69649
46.18971,3.48825
48.23807,4.43995
48.28642,3.95658
45.64306,0.2101
45.53357,6.12394
45.66912,0.11812
45.63016,0.13505
45.59269,-0.31624
47.43732,5.11105
47.25638,5.05896
47.31632,5.07145
43.68225,1.85319
43.54901,1.25641
43.57853,1.41002
46.90086,1.87875
48.27963,3.21818
46.70937,1.87214
46.9093,1.64325
46.82028,1.73202
46.87908,1.45739
45.2534,4.23202
45.17301,4.2892
45.14753,3.5036
47.95532,3.45368
44.21169,0.64731
44.16142,0.61949
44.17174,0.69377
44.36388,0.45489
47.69517,-2.55471
47.77714,-3.27432
47.55618,-2.39572
47.76268,-2.73691
47.7877,-3.45318
46.72327,-0.23804
47.02644,-0.19586
44.85561,-0.11079
46.87371,-0.35879
46.66365,-0.61332
46.82493,0.6463
46.34625,0.79308
46.65967,0.05697
45.98402,1.15898
45.8692,1.11608
45.63934,0.9855
43.19666,1.60989
43.03916,2.24323
42.90638,2.99999
46.16113,5.59955
48.28282,7.12821
43.49366,0.36627
43.01138,1.11561
43.09628,1.87873
49.21588,-0.79759
49.03569,-0.64535
48.78422,-0.78526
48.84027,-0.98779
50.2808,3.92935
43.75202,4.2716
43.77856,4.29001
50.30553,3.97725
44.62446,-0.32996
44.20265,-0.26936
43.31345,3.342
43.56071,3.96186
50.3521,3.05691
43.28893,3.11421
48.80024,-1.52376
49.57561,-1.71302
49.55164,-1.75708
48.0218,0.02107
48.37464,0.08881
47.72268,6.87814
16.25516,-61.31477
16.25666,-61.31013
45.4405,2.53056
48.5071,-4.30372
47.96984,-3.95988
48.40219,-4.24803
49.89056,4.63066
47.90481,-3.99682
48.5582,-3.87031
47.87,-3.59516
44.11734,0.00077
44.53152,3.52577
49.03383,5.43531
48.9177,5.24016
49.13606,5.43471
50.73835,1.87366
50.10953,3.51604
50.73502,1.70835
50.29689,2.29008
50.5513,1.61793
50.46187,2.89478
48.52306,7.34722
48.63794,7.72771
45.86655,1.27666
48.57101,7.78694
48.83619,7.91868
48.6403,7.80801
48.83428,2.1123
48.77981,2.18953
48.81761,2.12223
45.82851,1.28269
48.9246,2.0532
48.9425,2.124
48.7639,2.1645
46.12279,1.06388
48.8864,2.2106
48.80795,2.25882
48.8754,2.2386
45.82164,1.24382
48.749,2.5088
48.72261,2.4437
48.81709,2.49814
45.80565,1.23703
48.8457,2.42681
47.21964,-2.10975
44.57262,4.62361
44.30601,4.61321
45.59861,4.26533
43.28486,5.43855
46.9935,2.169
47.08928,2.39121
46.13821,4.10841
44.74827,5.01198
44.54021,4.7306
44.93929,4.94321
44.85392,4.85231
45.13142,5.04594
47.53829,-0.48993
47.37975,-0.75353
47.41955,-0.41606
45.63225,4.24129
47.46962,-0.53347
47.16594,-0.75342
47.19669,-0.12506
48.05591,5.06607
48.64668,4.87068
48.28514,5.48723
47.77234,5.31172
46.1243,3.93317
47.66106,5.29262
47.99208,-0.85165
48.12239,-0.45898
48.14601,-0.29389
50.72103,2.74688
50.41986,3.40659
50.57415,2.86406
50.2904,3.3588
46.03179,3.07982
45.93792,3.34199
45.77717,4.97613
45.73316,4.8175
45.72325,4.8424
45.76514,4.90365
45.77706,5.94337
45.69678,5.79877
49.38538,1.25976
45.43425,4.43
43.92197,4.80944
44.11945,4.79765
48.17329,6.51265
48.07847,6.78879
48.20355,3.46817
48.18511,3.43991
47.843,3.955
48.07803,3.29971
47.842,3.551
47.51264,3.83955
45.76647,3.14862
44.60632,6.08086
45.8664,2.17039
44.52221,6.05059
48.52779,-2.52985
46.12779,1.95585
46.22195,1.91924
-20.88672,55.48889
46.22163,2.4689
44.5067,-1.04479
44.15049,-0.28801
-20.88539,55.39237
49.15779,6.94834
-21.30224,55.50166
47.54031,1.28148
47.61474,1.36279
47.9063,1.48771
47.6743,1.32866
46.62812,3.74108
46.69316,5.18964
46.47188,4.66997
46.53839,4.04349
-20.95753,55.65736
45.88268,3.57505
43.93515,4.94792
43.87456,5.05697
49.63277,0.81157
49.2345,2.9916
50.71309,2.63185
47.98146,2.75355
49.17676,2.22631
45.72921,-0.59066
48.20265,1.93712
48.14173,1.84875
48.20221,1.39587
43.87427,5.05967
49.6328,0.81176
47.98092,2.75456
45.95494,5.33182
45.72896,-0.58853
46.59771,5.45883
49.846,3.3012
45.36571,1.99313
45.48395,1.38985
44.84815,0.12568
45.49629,0.94784
44.83991,0.39583
49.45807,2.21341
49.26611,2.45613
49.5622,2.565
49.40296,3.0102
48.67568,-0.51992
48.93356,2.37925
48.9355,2.40266
47.87992,6.39495
47.01292,2.72294
47.01205,2.72746
47.28299,2.31196
47.28251,-2.31011
47.00263,-1.82915
47.00262,-1.83036
45.201,3.50326
45.20341,3.50128
43.59714,3.13561
43.59696,3.13474
48.74896,5.12127
45.54093,5.52716
47.5714,3.7817
48.96695,6.54933
48.96498,6.55004
45.1388,1.8813
44.95437,2.58573
44.0435,4.13538
43.96456,4.22473
47.57258,0.27859
47.61531,0.65914
45.82512,1.2882
49.03754,2.50757
14.66063,-60.93548
4.81139,-52.3538
44.95983,-0.60835
-21.0323,55.2521
-21.23623,55.31368
-21.30195,55.42569
48.88705,2.1003
49.1436,0.36219
42.48027,9.48094
43.78535,4.92579
48.78988,2.45083
48.81849,2.45689
50.01772,4.72573
48.49175,3.85744
48.20367,4.00415
48.1577,4.24452
48.24587,4.02421
48.09863,4.37898
48.24254,3.69969
48.55064,-3.11223
48.8963,5.4406
46.57141,-0.29703
46.9174,-0.19629
45.18901,6.68507
45.17163,6.68451
44.98321,-0.40966
44.79393,-0.86665
49.15918,2.85001
49.36073,1.7688
48.86913,2.15811
48.86913,2.15812
48.86913,2.15813
48.85599,2.15601
48.85599,2.15602
48.85599,2.15603
48.85599,2.15604
48.85599,2.15605
48.85599,2.15606
48.83959,2.14521
49.45185,2.09979
48.83959,2.14522
48.83959,2.14523
48.83959,2.14524
48.83959,2.14525
48.83959,2.14526
48.83101,2.14801
48.83101,2.14802
48.83101,2.14803
48.83101,2.14804
48.83101,2.14805
49.40326,2.66782
48.83101,2.14807
48.81291,2.15921
48.81291,2.15922
48.81291,2.15923
48.81291,2.15924
48.81291,2.15925
48.81291,2.15926
48.79863,2.16321
48.79863,2.16322
48.79863,2.16323
48.79863,2.16324
48.79863,2.16325
48.79863,2.16326
48.78416,2.15621
48.78416,2.15622
48.78416,2.15623
43.39407,1.42984
43.57446,1.44788
49.18944,-0.33271
49.19715,-0.32943
48.90645,2.29052
48.93971,2.38791
48.91851,2.4287
49.06422,1.03087
49.17697,1.27169
48.68224,0.80373
45.60167,3.21671
43.63352,0.58265
47.36909,0.74669
47.29134,0.80969
49.83832,3.28416
49.39702,3.17413
49.68502,3.70767
49.89131,4.11865
44.92671,6.60141
44.57728,6.15396
43.1424,3.05107
43.12743,3.06015
48.64469,1.28404
48.13255,1.33945
48.47484,1.18267
48.24599,1.21133
48.61624,-2.01525
48.49035,-1.73712
43.12562,5.89825
43.12813,5.97579
43.27574,6.07178
43.11342,6.12006
47.9409,1.88819
47.89776,1.89552
47.86329,1.97145
47.79492,2.43741
48.39577,2.17306
48.64528,2.50417
48.71969,2.37065
48.74922,2.21065
41.96023,9.39674
50.6219,3.0216
48.44619,-2.48069
48.87583,2.44136
44.6051,4.79397
46.16704,1.14424
46.7362,2.36248
49.47262,5.59726
49.55433,0.43557
47.36322,0.64905
47.56673,0.95682
47.56488,0.54927
48.83665,2.37842
48.74327,0.85397
43.54519,6.8259
48.86462,2.30487
43.7882,4.29933
43.7884,4.29921
48.89171,2.23885
45.31475,5.51358
46.1463,5.6332
49.75073,1.42664
47.73905,3.73158
48.80902,2.33953
43.9196,1.60429
43.90955,1.79921
48.861,7.46302
43.66752,4.62824
44.94417,4.89039
42.64977,1.83432
48.95793,-0.22623
43.58267,3.88749
43.65824,7.07415
45.73516,-0.75166
48.9669,1.74721
44.85179,0.02932
46.66415,0.27807
44.44755,4.6846
45.2875,4.73278
49.9093,3.34225
49.58333,0.73125
45.69846,1.36063
45.8917,1.2553
45.81461,1.25385
49.27948,4.04309
48.681,4.74788
48.6456,-3.00531
48.50839,-2.60988
46.82249,-1.9746
47.59928,7.38571
44.41325,2.09555
47.56518,6.92786
47.20469,2.3196
48.16753,-0.09736
47.85345,-0.02991
48.40735,0.18193
48.7281,2.603
46.82356,-1.77653
48.79432,2.86412
45.8018,-0.13494
45.93421,0.53397
45.05797,3.8332
45.28567,3.25591
46.90872,-0.99762
45.20982,3.81723
44.28001,3.78204
44.52241,3.4211
43.33898,0.13223
48.16999,-2.61971
46.47743,-1.6724
48.41605,-2.84404
47.54322,6.50886
47.79568,6.40216
47.5657,6.27704
46.76202,0.55254
46.61558,-1.3551
48.2674,4.61052
48.4827,3.4947
47.74824,1.04097
47.11228,-1.96884
47.43399,-1.82768
47.44073,-2.07799
48.89355,-1.50702
46.51872,-1.43204
49.2731,3.88627
43.69223,0.4702
43.93838,0.64958
44.94417,4.89056
45.18742,0.66946
45.15894,0.71006
45.12524,0.89715
44.72395,4.95802
45.03297,4.86778
46.86848,1.80215
45.05524,3.8643
46.81699,1.62297
46.57687,2.01247
47.14024,1.57533
45.12391,3.7072
46.37994,5.80634
48.7377,6.15583
49.54847,5.77207
48.67897,6.17663
46.982,4.7897
48.65226,0.761
48.74911,-0.0178
48.81643,0.31502
48.80761,-0.56247
45.00616,2.6541
48.16183,3.30191
47.63893,3.49286
47.26192,-1.49589
49.98723,3.91794
44.3969,6.47924
43.72653,7.34902
44.62108,4.39633
47.14772,4.48915
43.03485,1.89737
48.28941,4.08516
44.56794,2.6538
48.37594,0.88783
43.41052,5.2843
48.95187,-1.00797
45.13225,2.97278
45.59394,0.2701
45.19871,1.83346
41.58136,9.26942
41.90876,8.71599
42.6111,9.48231
48.17581,-2.56429
46.34075,6.46116
45.0321,0.31618
44.61569,4.75749
44.98155,4.88148
48.93221,1.11302
49.36233,0.44208
48.25584,1.96545
43.82712,4.51865
44.00026,4.73763
43.7598,0.61974
44.88037,-0.52507
43.43785,3.70007
48.54474,-1.91423
46.63254,1.2565
46.75071,1.62776
46.47403,6.0645
46.86729,5.67538
45.56151,4.14381
48.45279,7.71674
45.31555,4.53309
47.13053,-1.74001
47.40598,-1.64298
47.89767,2.27995
44.64139,2.07925
44.37736,0.34103
44.71325,3.83097
47.4343,-0.50794
47.8576,5.37085
48.52049,4.8102
46.59743,0.33714
49.1472,5.38328
48.01728,-2.79402
49.3479,6.16564
50.36118,3.48521
50.63442,3.08575
49.45887,1.78127
49.2046,1.8649
48.69887,0.32917
48.57204,0.16915
50.3919,2.22263
45.70075,3.00742
43.50138,-0.31953
43.30411,-0.32432
46.55887,0.46534
43.11674,0.43069
42.65222,2.55013
48.52444,7.46588
48.96515,7.61618
48.2691,7.32214
48.1873,7.39147
45.82676,4.75631
45.72364,4.89128
46.68058,4.87309
48.00592,0.17247
45.66007,6.38075
45.57761,5.91991
46.04423,5.88493
48.8676,2.1378
48.46081,1.8927
46.3403,-0.39921
46.34057,-0.39667
43.74586,4.30059
43.67891,2.22083
43.75564,1.83712
44.2155,1.73187
43.46272,6.6323
43.90759,4.88861
44.01694,4.88956
46.69849,-1.35048
46.48762,-0.89853
44.1821,4.0477
48.06668,3.81182
47.6015,6.85642
47.63071,6.87085
48.61327,2.25471
48.7365,2.3018
44.16257,4.56157
48.89299,2.25972
48.7728,2.4397
48.72765,2.54848
48.9866,2.3788
49.0336,2.3462
16.40919,-61.4683
15.98969,-61.63555
16.21938,-61.51586
14.65764,-61.15032
14.49675,-60.97658
48.58088,-0.40851
47.10791,6.31947
47.36419,0.71341
49.0502,3.9347
46.75884,0.1973
43.87278,1.83694
48.98471,3.43531
45.16216,5.75387
49.89057,4.63058
48.39674,4.36824
48.35836,4.10435
44.33669,3.02821
49.3148,-1.0953
45.67,-0.25417
45.34614,5.50762
45.69032,-1.02403
45.10426,0.83659
47.30847,6.1887
48.49737,1.70422
45.15639,-0.81875
48.32737,-1.09983
46.97565,1.16756
45.12923,5.77763
47.15435,-0.18349
47.59581,-0.58857
48.05173,-0.46373
48.751,7.16429
50.338,3.50632
49.2176,2.23185
45.46271,5.99494
50.30102,2.78397
48.40193,7.62569
45.78817,4.78431
44.77214,-0.55531
47.9294,0.7545
45.70355,5.78429
49.0194,1.61083
46.65385,-0.09429
49.753,2.18313
44.07468,1.28336
44.79351,-0.53976
46.71917,-1.67347
48.22701,6.51829
48.41031,2.68374
16.21055,-61.60186
47.64947,1.44408
14.52781,-60.99508
43.59885,3.84185
43.99928,1.36462
43.70612,4.56063
49.53424,4.37601
47.32982,1.69688
47.1733,5.49532
44.20592,0.52788
44.39854,0.72234
44.15805,0.31255
48.87912,2.34761
44.3139,2.30028
48.09194,-1.62729
49.2148,3.3708
44.87798,0.51414
48.63505,2.14675
48.6399,2.1536
47.66071,-2.85972
46.56029,0.28586
48.05751,0.23942
47.94103,-2.61632
4.91361,-52.3294
5.01137,-52.46997
48.02236,-2.96193
43.42639,4.97056
47.60314,1.34772
45.86378,5.14823
47.40195,0.86886
44.036,6.10951
43.89695,5.83294
43.857,5.60383
48.61929,-3.77442
43.85506,-0.41901
43.67138,-0.97082
46.94606,3.15818
43.41146,5.02967
42.47175,3.00028
43.58045,1.39584
48.03702,5.40145
50.33798,3.50635
49.81874,3.87774
49.31047,3.63425
47.19126,0.29608
47.87144,2.73776
43.19748,1.63099
44.20466,0.33535
43.53962,-0.80445
43.37367,-0.8527
45.50739,4.97984
45.73738,5.23302
44.85775,5.61003
48.7184,2.2926
48.44338,1.95733
49.51764,3.75298
49.83924,3.47466
43.4126,-1.61678
50.4668,2.83171
49.99945,1.53853
49.87371,2.71665
50.25414,1.66159
48.97834,1.72017
48.77981,2.18948
48.8867,2.0984
48.6319,2.5256
44.26005,0.73406
42.66046,2.8831
47.32157,1.07752
43.35347,-0.49054
43.24289,-0.00655
45.75192,4.83294
43.92146,2.21311
43.58748,1.79932
44.06671,1.41715
47.7487,7.11663
47.60741,7.52692
47.97092,7.37127
48.77228,2.34565
48.813,2.42716
47.63772,-2.67243
47.71148,-3.22242
47.73969,-2.43818
46.19877,1.29332
46.05168,1.11844
46.84953,0.49934
46.58836,0.3628
48.74519,1.28331
45.85372,0.18496
45.34126,4.25068
44.31025,0.71594
45.1723,3.52457
42.51934,2.79942
42.65948,2.80828
44.5744,-0.31764
44.52011,3.30513
47.91463,0.82024
44.53994,0.29709
47.38948,2.05496
47.55821,1.29675
48.06064,-1.30531
47.20207,-1.48392
47.32609,-1.47804
47.05021,-1.36625
46.79135,1.59803
46.4287,1.47534
44.34729,0.10729
46.9769,2.06929
47.95941,0.17798
47.97951,0.20027
49.51508,0.99485
45.38163,1.67137
45.43246,2.04453
47.44134,5.87553
47.87434,1.84459
48.02818,2.95801
48.07385,2.76789
46.4052,0.39163
44.49207,1.00362
44.2589,0.35346
45.46835,5.5816
45.10926,6.00711
42.68238,9.44668
48.45613,-2.08001
43.53652,-0.65719
43.30845,-1.35699
43.7769,7.27639
43.66072,7.15837
45.48539,6.14529
45.50398,6.30625
45.5056,5.71899
44.94132,4.78675
46.04633,6.25894
46.0686,6.44769
45.76604,6.24829
41.41069,9.1738
41.6525,9.30059
41.66385,8.91863
48.4641,2.18068
43.96119,2.17115
43.96172,2.17169
46.67067,-1.459
46.87029,-1.93763
49.6981,3.2702
46.54063,3.66826
46.30013,2.64596
46.12851,3.37707
46.18532,5.10748
45.80659,5.77397
48.72778,2.54859
46.30657,6.06612
47.53213,0.83942
47.15862,0.64685
47.70314,5.93995
47.54967,6.77477
47.21871,-1.64994
48.8314,2.6426
48.5815,2.9621
43.88561,4.94633
43.88165,5.03972
44.06161,4.97622
49.64888,2.75215
14.59177,-60.98356
14.63278,-60.9775
14.59527,-60.87277
43.22008,0.06637
48.34083,0.75889
48.68908,0.66937
48.56347,-0.70897
49.52216,4.36342
49.8079,4.74275
49.6913,4.91724
43.511386,5.421242
43.48924,5.63196
43.64404,5.55336
15.99802,-61.60533
16.23458,-61.58975
43.84671,4.93062
46.02538,2.13442
45.96929,1.78849
50.05332,3.93013
50.72106,2.74673
44.00963,6.26485
47.87007,-3.59531
43.96279,6.73998
48.83699,-1.50303
48.58703,-1.13328
44.66073,6.6048
44.64784,6.08645
49.0115,1.32861
48.82597,1.01145
49.01197,1.3162
43.65794,7.18503
43.38265,3.30629
43.42382,3.55176
46.99567,3.11778
47.0018,3.09993
46.99529,3.1326
48.92523,2.39371
48.88166,2.47448
49.33538,1.38434
48.1522,6.56554
48.2614,4.08528
48.47226,3.46008
48.7456,1.2822
48.4611,3.89596
48.94527,2.06125
49.14244,2.54018
42.7512,1.77227
42.85711,1.60132
43.02396,1.58974
49.05014,2.14312
49.16919,1.75875
49.0886,2.4154
49.06125,2.08489
46.21388,1.41
46.41212,4.92693
46.07797,5.42775
46.59105,3.47675
46.32208,2.86727
44.05884,6.2068
44.47492,4.35969
44.70522,4.65451
44.659,4.29686
49.39841,4.71814
49.65627,4.88658
49.3195,0.13222
45.28102,0.04335
45.77501,-0.6953
48.49982,-2.95129
49.22091,1.64506
41.56735,9.25707
42.58693,9.50569
43.6742,-0.0933
43.91485,0.32427
43.5574,0.61058
44.97506,-1.00513
48.13248,-1.70841
48.18909,-1.18254
46.8288,1.81975
47.09909,1.86836
47.30555,0.4393
45.35155,4.89746
46.45838,3.36763
45.41628,4.4055
45.16322,4.07776
47.46066,-2.07663
47.11442,-1.28277
47.68875,1.95795
48.2057,2.23879
46.48816,3.34482
49.44407,-1.71021
47.86337,-2.81939
48.0257,-2.95799
49.154,6.84617
49.1442,7.04166
46.96559,3.157
49.38147,2.61933
46.31823,2.62209
49.60331,2.32082
42.63772,3.0331
48.07047,0.53176
47.72732,-0.1134
45.76082,6.38952
48.30506,2.5085
46.34618,3.28518
43.56642,1.89653
43.85732,1.92803
43.99464,1.3148
43.95618,1.44075
43.81315,1.1969
46.48796,3.34468
44.07771,1.09206
43.89726,1.02568
43.86075,5.21596
44.1952,4.73481
46.79908,-1.4472
45.82071,1.19368
46.00455,1.33776
48.8259,2.2016
48.81546,2.22413
48.81114,2.33759
16.2083,-61.62941
16.21694,-61.48272
14.7458,-60.97556
14.63194,-60.97806
49.60709,3.50458
43.65772,7.18412
43.64319,7.13355
43.70008,7.29595
48.1988,4.76694
49.17677,-0.51502
49.23979,-0.18859
48.88638,-0.23823
48.91197,-0.48917
45.91933,0.74463
41.95942,9.39676
48.76484,-3.0797
44.86983,1.24402
45.20756,0.81882
47.28373,6.82142
46.9789,6.44162
47.25103,6.00963
47.32595,6.78399
44.42468,4.73459
44.83237,4.90439
45.04868,4.99104
49.3905,0.5142
47.20167,5.99465
43.68103,1.25909
43.56785,1.41283
43.32264,3.08835
48.76382,4.58534
49.27827,3.84392
49.30696,3.9876
49.1622,4.01147
48.05891,-0.77082
43.60889,3.84148
48.03263,-0.70329
48.02367,-0.7339
48.7198,6.16654
48.4608,6.24246
50.71186,3.12333
43.61548,-1.39825
50.31572,3.36908
49.54107,2.72734
48.79806,0.00732
45.94626,3.15843
45.82752,3.44012
43.54221,-0.94774
48.6018,7.65004
48.84659,7.20721
46.54457,4.175
47.78566,1.31281
46.15916,6.35936
48.7225,2.6984
48.7812,2.01914
48.72478,1.89152
49.94314,2.85223
47.67022,0.97073
46.8157,0.44463
47.87781,3.59389
48.06668,3.81161
47.7403,3.60491
47.07068,-0.90195
-21.06341,55.70873
45.79046,4.81196
45.79056,4.81219
45.86772,4.54473
47.53486,-0.0775
45.57498,4.71759
44.32319,5.7988
44.56196,5.9202
45.3689,4.30617
47.49646,-0.56276
47.49088,-0.59243
47.41574,-0.16805
47.28696,-0.65008
47.53002,-0.42041
47.61429,-0.76609
48.56124,0.17585
47.493,-0.76309
48.53353,0.16232
45.5892,4.81075
47.43021,-0.71574
47.40671,6.47455
48.56903,6.82128
44.52669,4.33863
43.74869,0.33597
46.99612,2.50874
47.71086,6.52219
47.31614,5.74183
47.68499,6.10766
48.62715,0.12979
42.51095,9.38193
42.50639,9.36523
49.3172,6.08166
44.80016,3.88529
48.85373,2.35646
48.05884,-0.7707
47.7235,-0.00997
49.15,6.18399
45.9246,6.76261
46.32624,6.3561
45.95163,6.11821
48.39021,2.69002
43.55367,5.4222
43.6549,5.49348
43.40511,5.28284
48.97205,2.09043
48.35658,2.98872
50.0692,2.32338
16.09661,-61.56308
16.25425,-61.56169
16.23322,-61.52375
45.78493,3.11929
45.98455,3.18423
49.46706,3.34813
49.54973,3.62053
45.21991,-0.87326
49.34809,6.16465
45.63948,0.14471
48.829,2.47952
49.01956,2.09794
48.93396,2.24145
43.68589,7.19763
45.12796,1.33469
43.79627,4.79282
43.28424,5.40459
43.88208,2.17063
46.05976,5.0802
46.31282,5.3046
45.88464,4.91503
46.04892,4.87074
46.09901,5.31006
49.35298,5.86242
48.68305,6.13981
46.15197,6.25291
48.96191,2.54522
47.78205,-0.70863
48.27561,-0.52357
47.77195,-3.37782
-21.23267,55.29785
48.52462,7.65873
48.24129,7.47378
43.61997,0.9129
48.07877,6.78719
48.38485,6.9427
48.19455,6.45728
49.00193,2.38499
46.8444,3.42133
46.292,6.2728
46.1839,6.2467
47.00293,-1.15165
48.616,2.4557
46.588,2.6169
45.142,3.9201
44.434,0.262
44.129,0.548
42.917,1.6385
43.887,4.5005
43.983,4.264
44.058,4.742
16.13625,-61.58136
16.13101,-61.57991
16.28605,-61.28783
48.807,2.4488
-21.30609,55.42838
-21.33211,55.46482
-20.90151,55.53134
44.397,4.2675
48.47255,-0.17538
49.336,0.9199
43.928,4.8421
44.708,6.0384
48.939,2.417
48.904,2.393
44.838,0.4002
45.097,0.483
45.783,5.1596
45.6292,5.13707
45.508798,5.596122
43.775,4.3361
43.88506,4.43746
45.852,5.7531
46.155,3.4133
44.944,2.4606
47.827527,6.377446
48.983,2.3621
43.971,3.6891
43.701,4.4507
44.047,4.0975
44.115,4.2819
46.9456,3.12125
43.182,1.2436
47.694,6.9799
47.694,6.9798
49.181,0.227
44.427,1.4332
44.514,1.0687
44.646,1.9962
44.604,1.9639
47.366,2.4323
4.94468,-52.31493
46.918,6.3006
47.051,6.6489
47.142,6.3755
49.198,2.282
49.599,2.971
49.14561,2.67996
48.785,0.6641
48.4574,0.54704
48.587,-0.2917
48.745,0.2682
48.69,-0.5744
44.707,1.2972
43.537,0.9964
43.716,7.2824
49.784,4.6828
49.817,4.5857
49.862727,4.629315
43.81706,-0.2966
48.485,1.4669
48.051,1.4299
48.494,1.6947
47.232,0.1042
47.381,0.7673
47.214,0.896
43.971,-0.2927
45.039,3.8881
47.897,1.8824
48.836,-1.4615
49.6294,-1.6336
49.083,-1.2857
48.531,6.1782
48.65087,5.89372
48.921,6.0839
48.90594,7.43151
48.585732,7.784924
47.696,6.285
49.897,2.4868
50.32,1.7503
49.981921,1.600837
48.991,2.2014
49.138,2.2539
47.32235,-2.1864
45.42,4.4104
47.968,2.7578
47.969,2.7562
5.0148,-52.47609
4.90992,-52.37054
5.48704,-53.99413
5.49099,-54.03177
44.452,-1.1068
46.376,3.0291
46.535,3.5666
46.304,3.7726
46.316,3.3249
49.587,4.246
47.35397,-1.2535
43.141,2.2977
43.339,1.8752
43.21,2.3633
43.306,2.9186
45.463,1.5019
45.196,1.527
48.52,-2.4379
48.388,-2.0863
48.579,-3.0673
49.214,1.5934
48.424,-1.4501
47.030514,1.097518
45.066,5.7538
44.47,0.9106
47.85058,1.73588
44.382,0.8295
44.621,0.3585
50.97,2.3955
50.714,2.6317
47.629,7.2096
46.557,4.9407
48.87363,2.26748
48.837,2.3776
48.900701,2.361351
48.869597,2.4131827
48.900368,2.3748344
48.826,2.2988
48.8456914,2.4143455
46.418,-0.1918
46.12,-0.2389
44.056,1.3594
43.803,1.2919
44.169,1.5809
43.448,6.485
43.207,6.4842
43.23483,6.61068
44.335,4.947
44.391,4.9503
43.757,5.1467
47.849,3.6247
48.2279,3.26651
47.984,3.7327
47.918,3.713
48.926,2.2345
48.845,2.2267
48.76746,5.15287
41.961695,8.809006
42.041,8.7545
41.933484,8.744315
41.884,8.7941
41.4894588,9.0594156
41.51029,9.14978
42.48,9.4809
42.314,9.5414
42.266,9.5489
42.257,9.5466
45.248,4.78
49.6,4.2321
45.958,-0.9421
46.145,-0.7184
46.12,-1.0358
48.703,2.4299
48.687701,2.395027
48.818,2.3688
49.18454,2.89519
48.866458,2.268784
49.003,-0.0487
49.020557,-0.736435
49.256065,-0.133093
45.335,1.897
47.27,5.0013
49.37765,2.48155
47.20919,5.2791
47.38541,5.03448
42.99,0.63
43.017,0.6188
43.465,1.2779
43.56,1.463
43.767,1.4068
48.059,-1.7913
48.593,-2.1059
48.27543,-1.15125
46.641,5.5009
46.714,5.5848
46.98,5.318
45.85891,2.92671
49.161,4.1994
48.74,4.3927
49.23644,3.97987
43.276,0.1085
45.7,4.8355
45.668,4.5799
45.716,4.846
48.809,2.1479
45.75855,3.12507
50.157,1.7391
49.778,2.25
46.754,-1.0972
46.366,-1.4172
46.164,0.9601
46.171,0.95
48.274,6.9447
48.166,6.7762
48.195,6.0469
14.60472,-61.00278
14.60521,-61.00321
14.71525,-60.94848
14.696,-60.9415
49.416,2.4201
49.281,1.8503
49.257,0.0791
49.095,0.303
48.842,-0.7706
49.191,-0.4299
46.58415,5.59482
43.932,4.948
43.867,0.0508
45.866607,1.276758
46.136,4.9601
46.363,5.121
46.264,5.0168
48.493,3.8856
48.239,4.6984
44.842,2.4786
44.881,2.309
45.296,2.3919
44.728,2.201
48.402,1.3886
43.856,4.2457
43.9693,4.74375
44.48061,1.41351
43.88,4.0312
43.425,0.2871
44.032,0.4669
45.359,5.438
44.9023,1.85292
44.661,3.4507
48.74,4.3928
50.758,2.4193
50.75638,2.41687
50.253,3.1626
46.824,4.3678
46.882,4.3956
46.565,5.0365
48.169,0.578
44.51196,1.37049
48.241,-0.04168
47.808,-0.2779
47.813242,0.062468
46.145,6.0962
48.642804,1.858657
43.977,2.0885
43.469,2.5387
43.782,1.9883
43.89822,2.39078
48.942,2.364
16.25427,-61.28277
16.29133,-61.28947
16.26033,-61.6273
48.847217,2.410152
48.847222,2.408315
45.96461,5.00528
48.99572,1.93146
46.381,3.2954
44.506,6.1607
44.645,6.5753
44.515,5.744
44.43257,4.18985
44.823,4.6617
42.995,1.1971
44.391,2.3853
44.29,2.415
43.948,2.912
47.295,2.7839
47.079,2.2985
48.98981,1.84608
47.218,5.2566
47.376,4.2939
45.97067,1.9721
48.771,1.1599
49.058,0.5715
43.958,4.5687
43.323,1.4967
43.751,1.2765
43.739,0.356
43.457,0.882
48.052,-1.7224
44.20029,-0.74267
44.20029,-0.74267
47.562,1.3053
47.718,1.0176
46.09,4.0761
45.019,3.8397
45.334,4.1481
45.024,3.7753
44.2327,2.98771
45.27165,3.91759
47.743,2.01479
48.023,1.9673
47.5582,-0.10143
47.313826,-0.402958
47.248639,-0.912927
48.804,-1.5681
48.6,-1.0612
49.29,4.0043
48.97,4.3817
47.9623,5.6475
48.445,5.1518
49.38,5.63
48.784,5.1962
49.213,5.6255
45.604,2.6978
45.602,2.6957
45.762,3.1192
45.765,3.038
43.36,-1.5818
43.492,-1.3675
43.239,-0.2657
42.623,2.9212
42.433,1.9606
42.753,3.0212
42.455,1.9423
48.922,7.1083
48.387,7.5399
45.782461,4.859775
45.782461,4.859775
45.663,6.3931
45.526,6.1895
46.071,6.4749
45.7552,6.27998
49.9603,2.38441
46.404,0.7122
46.416236,0.839839
46.816,0.34
46.555,0.3358
48.8824598,2.4563919
48.969329,2.40478
49.383,6.0775
47.784,1.0304
48.826,2.2592
48.822,2.2529
43.30321,5.36489
45.725962,4.865838
45.722977,4.876683
45.78,5.4696
43.759,7.4662
43.66,7.1026
43.783,7.5157
43.758122,7.470991
43.783,7.5162
47.4634,-0.51692
47.97137,-4.14189
49.33497,2.19774
49.24949,2.48193
49.48912,2.14978
45.20905,1.68252
43.38478,6.04887
43.46718,5.86652
48.45001,6.23374
44.52951,6.36334
47.33027,-1.65035
47.53834,-2.41506
47.94999,-2.52558
48.10143,-2.26267
49.74891,4.70319
45.55669,-0.55508
42.56163,8.80249
48.37632,-4.27611
48.21977,-3.9918
46.9916,3.16732
42.52638,3.06145
47.79848,7.3084
47.72129,6.30523
47.00845,4.32084
46.19021,-0.66783
46.24247,-0.52535
46.32149,-0.41641
46.75917,-1.43079
47.72206,6.83214
49.67523,5.09251
48.26735,4.08897
48.26683,4.08951
48.51605,3.71489
48.5168,3.71492
48.2887,4.08385
47.08204,2.38935
47.07217,2.39421
47.07557,2.4065
47.09063,2.39863
47.06174,2.40934
47.10346,2.40944
47.10464,2.42484
47.09983,2.38126
47.1001,2.38089
47.08232,2.38926
47.07209,2.39383
47.10315,2.40934
47.33623,5.06105
47.33656,5.05718
47.30522,5.04973
47.3135,5.01435
47.31374,5.01383
47.30932,5.03785
47.31603,5.04453
47.34155,5.051
47.34108,5.05173
48.49254,-2.74855
48.51745,-2.77898
49.01918,1.11881
49.01643,1.16164
49.20748,1.18436
48.75866,1.24417
48.40188,-4.40631
48.099,-1.75759
48.10138,-1.75419
48.06301,-1.69948
48.09839,-1.75776
47.39703,0.74129
47.39722,0.74247
47.4984,0.78481
47.49706,0.78348
47.54799,0.55112
47.54725,0.5516
47.54783,0.55181
47.5475,0.55073
47.50108,0.78872
47.50159,0.78942
47.2086,-1.56936
47.21771,-1.55533
47.23515,-1.54126
47.21599,-1.56547
47.18919,-1.50951
47.92806,1.84078
47.8797,1.90827
47.91488,1.91672
47.91437,1.96492
47.90655,1.90882
47.99369,2.73244
47.91401,1.96377
47.92766,1.84178
47.90631,1.92195
47.91459,1.89952
47.0542,-0.9012
47.07346,-0.86765
47.44782,-0.54293
47.47536,-0.53511
49.64775,-1.6512
49.05185,-1.44385
49.11324,-1.07941
49.65346,-1.66389
48.94266,4.37827
48.7338,4.58976
47.33656,5.05717
48.89758,2.25741
48.63713,4.94341
48.62562,4.9905
48.09975,5.1528
48.0986,5.15407
48.11455,5.14388
48.6392,4.94399
48.68357,6.16852
48.68749,6.17025
48.69504,6.12486
48.69573,6.14113
48.687,6.1957
48.6836,6.17326
48.699,6.18748
48.7048,6.163
48.6896,6.2026
48.70035,6.1724
48.69355,6.19216
48.6797,6.19854
48.70097,6.2248
48.677,6.1468
47.65372,-2.73536
47.66869,-2.99453
49.10031,6.1802
49.10163,6.17741
49.11152,6.17849
50.62709,3.03905
50.63083,3.0775
50.64581,2.98818
50.62158,3.04617
50.67736,3.19907
50.70538,3.1699
50.60723,3.04267
50.60577,3.04904
50.71484,3.17946
51.04381,2.38338
51.04781,2.41626
51.02247,2.30489
51.02374,2.34683
50.62248,3.0612
51.04313,2.38317
51.04355,2.38259
51.04821,2.41721
51.04834,2.41637
51.02207,2.30364
51.02262,2.30417
51.02194,2.30455
50.0534,3.93018
50.63242,3.05247
50.63239,3.05188
50.6471,3.02656
50.64764,3.02591
50.64758,3.02644
50.33424,3.30118
50.33397,3.30235
50.43829,3.43207
50.35537,3.50134
50.37334,3.39236
50.37373,3.39259
51.03116,2.34978
51.02777,2.36432
51.03167,2.34941
49.25609,2.48729
49.41336,2.81357
49.19951,2.57965
49.30713,2.60424
49.28813,2.20131
49.39815,3.04604
49.35859,2.79108
49.1929,2.46489
49.43608,2.08258
49.3003,2.60447
49.25654,2.48718
49.39811,3.04472
49.21516,2.41446
49.43465,2.09014
49.19874,2.5792
49.20838,2.59115
49.16918,2.24437
49.16911,2.23774
49.25971,2.47505
49.26013,2.475
49.15169,2.28648
49.25247,2.47685
49.2528,2.47748
49.16911,2.23887
49.16883,2.245
49.2896,2.87844
50.44259,2.85414
50.50951,2.72781
50.42462,2.92811
50.2882,2.78034
50.4431,2.85474
50.50994,2.72999
50.44957,2.81837
50.42525,2.92709
50.41712,2.94742
50.41011,2.93464
50.94629,1.88964
50.41682,2.94691
50.41056,2.93454
50.94613,1.88849
50.9443,1.82252
48.56507,7.70658
48.5754,7.75624
48.57854,7.70858
48.56451,7.70597
48.8135,7.78417
48.26793,7.45673
48.81083,7.78316
48.59147,7.73109
48.26896,7.45738
48.25858,7.45031
48.58049,7.7283
48.59139,7.73171
48.08655,7.33138
47.75009,7.30572
48.07497,7.35078
47.74795,7.32235
47.75936,7.34452
48.07078,7.33429
48.07414,7.33388
48.08379,7.34739
48.08063,7.36049
47.7605,7.3392
47.7688,7.32611
47.7411,7.3439
47.7322,7.29444
47.75552,7.35
47.62728,6.17214
47.69792,6.6381
47.69814,6.63669
47.96879,0.21026
47.97446,0.22575
48.00846,0.1808
47.96978,0.21043
47.97511,0.22431
48.00901,0.18087
47.96239,0.17729
47.96291,0.17686
47.71996,-0.10689
47.71908,-0.10594
48.83718,2.29687
48.87522,2.27155
48.88411,2.36773
48.86931,2.33831
48.8843,2.36107
48.87832,2.3536
48.83221,2.37974
48.86374,2.37157
48.87474,2.27069
48.85692,2.34858
48.86091,2.3408
49.4365,1.13427
49.52286,0.10446
49.90506,1.07685
49.38958,1.19947
49.42248,1.71688
49.45289,1.05604
49.53334,0.35628
49.4356,1.07725
49.4257,1.08262
49.48269,1.73581
49.91393,1.07488
49.48864,0.15095
49.75099,0.88116
49.44392,1.08523
49.90215,1.11774
49.9048,1.09274
48.967,2.69885
48.18572,2.73246
48.89345,2.13779
48.89287,2.14076
48.89715,2.11761
48.90286,2.13752
48.88807,2.12695
48.85559,2.10732
48.80545,2.13674
48.74872,1.92529
48.8238,1.94105
48.76926,1.94786
48.93856,2.03619
48.80679,2.12496
48.80519,2.13535
48.77629,2.03781
48.77623,2.03699
48.99018,1.71124
48.9388,2.03547
48.82331,1.94037
48.88902,2.10422
49.87529,2.32955
49.91591,2.29408
49.88553,2.3038
49.9037,2.28755
49.91509,2.2946
49.88613,2.30352
49.90878,2.32554
49.90247,2.32232
49.90147,2.33232
49.87342,2.35034
49.86795,2.2789
49.88915,2.28117
49.90049,2.29862
49.90235,2.32313
46.69814,-1.94682
47.603327,6.821876
47.602709,6.821456
48.63461,2.34375
48.63465,2.34434
48.67808,2.49661
48.67825,2.17504
48.67915,2.17443
48.63506,2.26621
48.69568,2.2987
48.75244,2.20435
48.59986,2.4805
48.60079,2.48071
48.67846,2.49589
48.63533,2.26618
48.7519,2.2069
48.92145,2.27804
48.84903,2.21399
48.83198,2.25377
48.81752,2.32554
48.88548,2.25099
48.84966,2.21356
48.90089,2.30803
48.79618,2.32178
48.83216,2.2525
48.91969,2.45184
48.9021,2.41414
48.88664,2.4719
48.7984,2.42036
48.8062,2.47139
48.79622,2.32246
48.736,2.44655
48.8135,2.51127
48.78313,2.44695
48.78119,2.44523
48.72769,2.44562
48.84992,2.43457
49.02346,2.3865
49.02258,2.3866
48.992,2.36021
48.99128,2.36026
48.95446,2.25471
48.9537,2.25439
48.95617,2.27969
48.95642,2.28088
48.9912,2.18182
48.991,2.18183
49.0855,2.31292
49.07198,2.32408
49.01393,2.09006
48.99406,2.19514
48.99453,2.19419
49.0154,2.07466
49.01594,2.07395
49.04332,2.01828
49.03172,2.07386
49.04758,2.05243
49.04205,2.09038
49.01345,2.0276
49.01058,2.02921
49.03508,2.03056
49.02326,2.11038
49.04004,2.11504
48.99505,2.37904
49.04268,2.01788
49.0549,2.01539
49.01019,2.02831
43.82798,5.78724
43.55078,6.9993
43.5505,6.99385
43.6564,7.15538
43.65602,7.15467
43.70104,7.28703
43.6939,7.25678
43.70066,7.28726
43.65658,7.17826
43.65672,7.17887
43.70582,7.28212
43.70621,7.28195
43.54651,7.03734
43.73102,7.28662
43.72507,7.40117
43.72464,7.39247
43.73099,7.28666
43.65045,7.15156
43.65054,7.15151
43.65448,7.15808
43.70048,7.25156
43.70619,7.28233
43.57189,7.10754
43.6772,7.20083
43.28818,5.39244
43.26086,5.38713
43.34715,5.37879
43.3063,5.40084
43.30942,5.40289
43.27617,5.41774
43.33371,5.39887
43.3879,4.80286
43.41394,5.05714
43.36754,5.24822
43.5445,5.04133
43.36726,5.24736
43.59126,5.00388
43.59209,5.00395
43.51207,4.98203
43.67508,4.63182
43.28414,5.38485
43.2908,5.40002
43.33331,5.3991
43.29019,5.39996
43.51145,4.98179
43.86893,4.83622
43.6458,5.57805
43.34434,5.60381
43.28721,5.62301
43.27582,5.69981
43.88808,4.85465
43.41124,5.3056
43.19065,5.64134
43.80767,4.99503
43.41083,4.98326
43.28783,5.62328
43.34536,5.60345
43.64589,5.57774
43.88792,4.85359
43.39546,5.3434
43.39472,5.34375
43.80724,4.99509
43.4113,4.98361
44.92177,2.43986
44.91238,2.43848
44.55906,4.72964
44.91317,4.87781
45.04504,5.06501
45.54121,4.85427
45.1799,5.70476
45.162,5.71528
45.13392,5.70102
45.17027,5.75931
45.19493,5.67736
45.19219,5.69492
45.44229,4.37915
45.42327,4.3913
45.4039,4.36654
45.41575,4.40116
45.4234,4.39222
45.4032,4.36445
45.44198,4.3789
46.04832,4.06829
46.05054,4.06623
46.05085,4.06706
45.79706,3.11637
45.78934,3.11806
45.77853,3.11069
45.77158,3.0935
45.73871,3.20065
45.76192,3.12648
45.76242,3.12623
45.90042,3.1042
45.77319,3.12052
45.9011,3.10344
45.74797,4.8439
45.77362,4.79481
45.74202,4.85079
45.69369,4.87473
45.76935,4.86029
46.10916,4.73378
45.77893,4.8672
45.74591,4.92743
45.7636,4.85694
45.75161,4.83749
45.70614,4.88751
45.75788,4.77445
45.60495,4.77981
45.7516,4.83755
45.58865,4.77085
45.60486,4.78083
45.57556,5.90696
45.67192,6.38616
45.57623,5.90712
45.6636,6.36369
45.91141,6.12117
46.18596,6.24764
46.19269,6.24503
46.31815,6.33026
46.37388,6.48532
46.18588,6.23654
46.37059,6.4708
43.12831,5.92403
43.12881,5.90167
43.1316,5.9935
43.10711,5.87689
43.0886,5.89895
43.13722,5.85076
43.11534,5.93529
43.11008,5.96905
43.11379,5.95812
43.42589,6.72794
43.42677,6.72699
43.43592,6.73045
43.43448,6.75841
43.43455,6.75722
43.11039,5.96927
43.505,6.4825
43.50357,6.48352
43.12167,5.94097
43.12836,6.00919
43.5221,6.46612
43.14304,5.98846
43.13677,5.98734
43.1365,5.98569
43.12155,5.94077
43.11793,6.12852
43.11838,6.13148
43.83186,5.0395
44.06034,5.04881
43.86801,5.14308
43.9922,4.86416
43.95334,4.81345
43.9308,4.82525
44.13865,4.80827
43.93195,4.82916
43.93211,4.82931
43.94043,4.836
43.93322,4.87256
43.96292,4.86028
44.0545,5.04254
44.05396,5.04231
43.93961,4.82101
43.95166,4.83401
44.13536,4.81218
44.13645,4.80389
43.83845,5.04889
43.95788,4.93408
43.93614,4.78173
43.93553,4.7819
43.94717,4.81395
44.63323,4.74498
44.63175,4.74392
42.93519,1.85019
43.20357,2.76119
43.1876,2.54953
43.21278,2.34516
43.21639,2.3526
43.20329,2.76218
43.21638,2.35645
43.64836,5.545
43.64836,5.54583
45.65165,0.13139
45.6464,0.17321
45.65336,0.14725
45.65085,0.18468
45.65158,0.12756
45.64568,0.15273
45.67155,0.15949
45.67904,0.16341
45.67261,0.17396
45.6768,0.21978
45.68867,-0.3363
45.67311,-0.30716
45.67241,-0.30645
45.67392,-0.3285
45.67315,-0.32857
45.7362,0.38625
45.74342,0.38744
45.74396,0.38708
45.74043,0.38746
45.74126,0.3874
45.88595,0.58245
45.88598,0.58375
45.67208,0.15921
45.6468,0.17282
45.65341,0.1659
46.1546,-1.1361
46.17298,-1.15026
45.62432,-1.02376
45.62408,-1.02926
46.15525,-1.13561
46.17364,-1.15061
47.23838,2.03026
45.15757,1.52408
45.16086,1.53328
45.15726,1.52329
45.22979,1.42128
45.22957,1.42069
45.18631,0.70431
45.19515,0.7033
45.18788,0.72969
45.12933,1.22694
45.54226,0.97677
48.74284,0.92666
48.74316,0.92705
43.7276,4.22063
44.13407,4.07858
43.79205,4.38122
44.26198,4.64364
44.17159,4.10532
43.82058,4.34006
43.82819,4.35223
44.11096,4.08042
43.826519,4.331583
43.83747,4.32869
43.84199,4.38742
43.84966,4.37393
44.13382,4.08315
43.83062,4.55928
43.83064,4.56137
43.93885,4.56413
43.84183,4.31348
43.83714,4.34567
43.85468,4.39993
44.10535,4.08202
43.60503,1.47814
43.58659,1.40677
43.63303,1.43358
43.6088,1.45439
43.55849,1.40241
43.55818,1.40154
43.61426,1.45043
43.65913,1.41858
43.6504,1.4721
43.62142,1.42486
43.53315,1.34365
43.64143,1.46687
43.59443,1.45711
43.56676,1.45867
43.59323,1.4287
43.64843,1.43887
43.55761,1.40172
43.59405,1.42124
43.59349,1.42078
44.84511,-0.57819
44.81492,-0.57305
44.83694,-0.59909
44.82823,-0.56121
44.85439,-0.57261
44.86011,-0.5691
44.81436,-0.57268
44.85754,-0.59089
44.85653,-0.59133
44.83454,-0.67196
44.8345,-0.67196
44.81973,-0.59745
44.82026,-0.59722
44.82707,-0.57297
43.60871,3.8409
43.61259,3.8671
43.34735,3.21812
43.62356,3.8618
43.60152,3.88475
43.58181,3.86399
43.35416,3.23051
43.34702,3.21874
43.34271,3.22119
43.59652,3.84553
43.59671,3.84458
43.61974,3.86508
43.34471,3.23386
43.61993,3.84985
43.58921,3.88444
43.62588,3.88183
43.59694,3.89264
43.65381,3.96754
43.62027,3.85001
43.65376,3.96748
43.63025,3.90981
43.62992,3.91044
43.67965,4.12201
43.67967,4.12194
43.31805,3.46783
43.31902,3.47559
43.67902,4.12215
43.31738,3.46801
48.27413,-1.66806
48.27419,-1.66717
47.30782,0.36312
47.30805,0.36313
45.62753,5.15145
45.62673,5.15192
43.69448,-1.0693
43.8946,-0.51332
43.87838,-0.47799
43.91955,-0.91751
45.3639,3.31065
45.36421,3.30968
47.16053,-1.38496
47.10614,-1.78975
47.16025,-1.38446
47.10554,-1.79026
48.1035,2.77429
48.10317,2.77446
44.20058,0.63367
44.39838,0.70698
44.39777,0.70748
44.19424,0.62899
44.41564,0.72988
44.20629,0.61152
44.42009,0.72001
44.19173,0.61525
44.20196,0.5517
44.50161,0.15814
44.507,0.16015
44.50187,0.17136
44.50144,0.17034
44.50768,0.16004
50.75275,2.49104
50.75267,2.4909
50.66037,3.08054
50.39033,3.48627
50.38977,3.48682
50.60643,2.98773
50.60574,2.98873
49.09549,2.74364
49.0945,2.74575
50.29317,2.80525
50.29251,2.80568
43.30487,-0.37013
43.42037,-1.60707
43.49267,-0.78083
43.49819,-1.49149
43.30193,-0.39579
43.487,-1.53665
43.48513,-1.49443
43.31209,-0.37748
43.48769,-1.48318
43.29612,-0.37833
43.43801,-1.58931
43.3139,-0.41791
43.31374,-0.37561
43.31104,-0.32382
43.31168,-0.32286
43.31908,-0.368
43.50358,-1.46966
43.22775,0.05619
43.22046,0.06367
42.74836,0.19113
42.68811,2.87444
42.6893,2.88492
42.68933,2.88496
42.70914,2.89845
42.70862,2.89901
42.69569,2.90577
42.6927,2.90393
42.69311,2.90425
42.68724,2.90135
42.67727,2.90517
42.69394,2.87247
42.68945,2.90664
47.80932,7.10366
47.80885,7.10519
45.8568,4.70118
45.8568,4.7
45.45942,4.76249
45.4589,4.76154
46.86264,4.24566
46.86327,4.2466
47.97964,0.20154
47.97961,0.2007
48.03382,0.16992
48.03395,0.17135
45.68552,5.90926
45.68559,5.90981
49.61465,1.55257
49.61458,1.55173
49.48361,1.73571
48.26675,2.68601
48.26681,2.68713
46.31552,-0.50317
46.99237,-0.21773
46.992,-0.21698
46.33938,-0.44639
46.41212,-0.20987
44.03451,1.11765
44.01735,1.32003
44.0358,1.37074
44.01274,1.34584
44.02291,1.34843
44.00791,1.36018
44.01752,1.36995
46.56329,0.38156
46.54325,0.41506
46.63856,0.35866
46.63813,0.35816
46.55188,0.32128
45.96016,1.16992
45.95989,1.17052
47.8219,3.58685
47.82254,3.58734
48.53784,2.37411
48.53771,2.37489
48.56515,2.17145
48.5646,2.17204
48.97523,2.33639
48.97519,2.33751
47.215305,6.010006
47.297645,-2.178384
44.3661,0.71799
46.36678,-0.24597
44.17134,4.1417
44.1597,4.11727
43.72674,4.60756
45.40673,1.54349
47.2986,-2.1784
43.03839,1.63083
43.00674,1.6139
48.83963,2.20355
44.7838,3.88568
45.62526,0.18197
43.78382,5.09278
44.36246,4.97359
49.05873,2.00108
48.74764,7.56854
44.49779,5.73001
46.18881,1.94357
43.38309,1.6163
45.87074,4.49004
47.99521,1.88121
49.35733,4.20701
46.93863,3.15776
50.60194,3.23831
50.64271,2.93313
50.59951,3.16691
46.31887,4.74256
46.57685,4.20981
46.51361,4.1625
43.12706,5.91416
43.41365,6.44353
43.40185,6.37457
44.87911,1.20745
45.1414,0.78467
43.41505,3.41663
43.62292,3.5109
45.10449,5.70554
45.1195,5.69777
48.57775,-0.34845
48.52822,0.52429
50.46309,2.53582
50.18858,2.48978
42.8106,2.58284
48.71148,1.90362
48.69801,1.89779
48.28992,7.07053
42.81419,2.517
46.16369,-1.25652
45.84573,-1.16425
47.99532,1.88102
48.83954,2.20352
44.41055,4.29786
45.02639,4.70022
44.58158,4.57239
43.73209,7.3822
46.97842,4.70572
47.93048,-2.3229
45.59569,3.22375
46.00271,1.33829
48.62853,2.25636
48.62861,2.25702
43.5823,4.44391
43.54861,4.40147
47.05667,6.70281
48.20972,-1.7373
47.40195,0.86989
50.22812,2.61717
49.50676,0.7408
49.75755,0.77237
43.29128,5.4851
43.2881,5.49962
49.10988,1.48944
47.8626,-3.56
43.726033,1.324844
43.3289,-0.34774
43.39902,3.22885
47.12449,6.58803
43.47071,4.94777
43.49527,4.9658
47.33677,4.98498
44.1309,4.61414
43.61108,3.17323
45.55432,5.35899
43.12053,5.9509
46.00394,6.179
45.06043,5.20998
45.04916,5.16809
45.13998,1.48905
45.10495,1.51677
47.09946,6.04304
46.97625,6.34129
44.55123,6.4916
46.53445,3.58432
45.38041,-0.60107
48.24962,2.34397
50.68241,1.75535
46.7384,4.62619
43.5835,5.14233
43.667,4.00735
43.66702,4.00788
48.25092,2.34596
45.773383,5.205681
43.731979,7.412692
44.938465,4.830817
48.976904,4.37721
43.21346,2.302565
42.829518,1.612157
42.91145,1.987275
44.373694,2.592991
44.291312,2.567538
43.246999,5.451249
43.2683,5.648124
45.75765,-0.661724
44.8285,0.477717
46.891104,6.364996
47.157795,6.252901
49.108505,0.912095
48.409649,1.460803
48.427044,1.51601
48.484956,1.479608
44.130211,4.12627
43.704766,4.192282
43.056209,0.591325
44.886042,-0.565167
44.886798,-0.569323
44.918087,-0.671097
45.005797,-0.436257
43.335877,3.179061
43.439779,3.576724
43.205563,3.023067
47.57786,1.320719
46.841727,5.6217
44.411854,-1.177529
45.147217,4.116639
45.067463,3.84999
47.132067,-1.843225
44.408456,0.742893
47.187503,-0.300595
48.371356,-1.179788
48.726062,3.735347
49.104405,3.673162
47.854688,5.398614
48.712936,5.919838
48.606645,6.163686
48.950943,6.062331
49.324033,6.251165
48.969879,7.579143
49.400384,2.420155
49.382016,3.27812
49.291932,2.604848
48.446631,0.000826
50.345852,2.579359
50.700269,2.223438
43.326913,-1.385582
42.525395,2.851185
42.484717,2.766478
45.692277,4.681355
45.969677,4.672344
45.679905,4.959975
47.866486,6.381639
47.432836,5.602704
46.968041,4.339775
45.93192,5.834516
45.708831,5.728296
48.589967,2.723554
48.831074,2.799948
48.550174,2.507424
48.55101,3.32225
43.896684,2.151713
46.508771,0.471131
45.891151,1.280403
48.198949,6.476978
47.573626,7.494679
